{"cameraMode":{"drawMode":0,"name":"Shaded","section":"Shading Mode"},"sceneLighting":false,"audioPlay":false,"sceneViewState":{"m_AlwaysRefresh":false,"showFog":true,"showSkybox":true,"showFlares":true,"showImageEffects":true,"showParticleSystems":true,"showVisualEffectGraphs":true,"m_FxEnabled":true},"in2DMode":false,"pivot":{"x":318.5285339355469,"y":614.0009765625,"z":268.72332763671877},"rotation":{"x":0.008998165838420391,"y":0.019497673958539964,"z":-0.00017547009338159114,"w":0.9997691512107849},"size":260.19195556640627,"orthographic":false}