{"cameraMode":{"drawMode":0,"name":"Shaded","section":"Shading Mode"},"sceneLighting":false,"audioPlay":false,"sceneViewState":{"m_AlwaysRefresh":false,"showFog":true,"showSkybox":true,"showFlares":true,"showImageEffects":true,"showParticleSystems":true,"showVisualEffectGraphs":true,"m_FxEnabled":false},"in2DMode":false,"pivot":{"x":416.2765197753906,"y":279.51708984375,"z":-70.4018325805664},"rotation":{"x":0.005999412853270769,"y":0.013498960994184018,"z":-0.00008097865065792575,"w":0.9998890161514282},"size":247.25668334960938,"orthographic":false}